,Name,Type,Nan,Unique,Min,Max,Values,Pourcentage
age,age,int64,0,76,18,95,"[59 56 41 55 54 42 60 37 28 38 30 29 46 31 35 32 49 43 26 40 33 23 48 45
 36 52 53 39 57 51 44 24 50 27 34 47 25 58 61 68 75 22 69 66 85 72 90 67
 71 21 74 65 62 83 70 76 77 19 73 63 20 78 95 64 79 82 18 86 84 87 92 81
 80 93 88 89]","{""31"":4,""32"":4,""34"":4,""33"":4,""35"":4,""30"":4,""36"":3,""37"":3,""38"":3,""39"":3,""29"":2,""40"":2,""41"":2,""42"":2,""28"":2,""46"":2,""47"":2,""45"":2,""43"":2,""27"":2,""49"":2,""44"":2,""26"":2,""48"":1,""52"":1,""53"":1,""55"":1,""50"":1,""51"":1,""54"":1,""59"":1,""57"":1,""56"":1,""60"":1,""25"":1,""58"":1,""24"":0,""23"":0,""61"":0,""22"":0,""62"":0,""63"":0,""64"":0,""77"":0,""21"":0,""67"":0,""66"":0,""73"":0,""72"":0,""71"":0,""65"":0,""68"":0,""70"":0,""76"":0,""20"":0,""69"":0,""78"":0,""74"":0,""75"":0,""80"":0,""19"":0,""79"":0,""82"":0,""81"":0,""18"":0,""83"":0,""86"":0,""84"":0,""85"":0,""87"":0,""90"":0,""92"":0,""93"":0,""88"":0,""95"":0,""89"":0}"
job,job,object,0,12,admin.,unknown,"['admin.' 'technician' 'services' 'management' 'retired' 'blue-collar'
 'unemployed' 'entrepreneur' 'housemaid' 'unknown' 'self-employed'
 'student']","{""management"":22,""blue-collar"":17,""technician"":16,""admin."":11,""services"":8,""retired"":6,""self-employed"":3,""student"":3,""unemployed"":3,""entrepreneur"":2,""housemaid"":2,""unknown"":0}"
marital,marital,object,0,3,divorced,single,['married' 'single' 'divorced'],"{""married"":56,""single"":31,""divorced"":11}"
education,education,object,0,4,primary,unknown,['secondary' 'tertiary' 'primary' 'unknown'],"{""secondary"":49,""tertiary"":33,""primary"":13,""unknown"":4}"
default,default,object,0,2,no,yes,['no' 'yes'],"{""no"":98,""yes"":1}"
balance,balance,int64,0,3805,-6847,81204,[2343   45 1270 ... 1594 2593 -134],"{""0"":6,""1"":0,""3"":0,""2"":0,""4"":0,""5"":0,""19"":0,""8"":0,""62"":0,""21"":0,""6"":0,""67"":0,""61"":0,""46"":0,""22"":0,""294"":0,""154"":0,""205"":0,""16"":0,""136"":0,""127"":0,""223"":0,""30"":0,""23"":0,""292"":0,""108"":0,""131"":0,""102"":0,""71"":0,""48"":0,""84"":0,""94"":0,""201"":0,""133"":0,""96"":0,""431"":0,""79"":0,""167"":0,""105"":0,""25"":0,""36"":0,""260"":0,""197"":0,""215"":0,""313"":0,""86"":0,""203"":0,""54"":0,""15"":0,""243"":0,""11"":0,""9"":0,""70"":0,""51"":0,""192"":0,""50"":0,""29"":0,""80"":0,""129"":0,""159"":0,""91"":0,""255"":0,""230"":0,""7"":0,""144"":0,""228"":0,""222"":0,""318"":0,""393"":0,""40"":0,""307"":0,""390"":0,""113"":0,""24"":0,""35"":0,""2557"":0,""341"":0,""66"":0,""169"":0,""39"":0,""183"":0,""10"":0,""315"":0,""53"":0,""168"":0,""335"":0,""388"":0,""202"":0,""123"":0,""196"":0,""523"":0,""13"":0,""565"":0,""106"":0,""265"":0,""309"":0,""100"":0,""92"":0,""314"":0,""275"":0,""557"":0,""316"":0,""179"":0,""224"":0,""219"":0,""386"":0,""33"":0,""162"":0,""372"":0,""73"":0,""104"":0,""27"":0,""240"":0,""158"":0,""12"":0,""437"":0,""101"":0,""81"":0,""206"":0,""111"":0,""658"":0,""598"":0,""145"":0,""103"":0,""20"":0,""141"":0,""157"":0,""297"":0,""217"":0,""83"":0,""132"":0,""414"":0,""994"":0,""163"":0,""171"":0,""303"":0,""235"":0,""116"":0,""271"":0,""296"":0,""473"":0,""273"":0,""1612"":0,""221"":0,""291"":0,""-1"":0,""76"":0,""49"":0,""640"":0,""775"":0,""320"":0,""146"":0,""119"":0,""476"":0,""181"":0,""189"":0,""261"":0,""138"":0,""687"":0,""258"":0,""337"":0,""517"":0,""178"":0,""256"":0,""306"":0,""482"":0,""216"":0,""254"":0,""322"":0,""387"":0,""109"":0,""262"":0,""324"":0,""199"":0,""703"":0,""247"":0,""93"":0,""28"":0,""483"":0,""514"":0,""284"":0,""455"":0,""191"":0,""122"":0,""655"":0,""52"":0,""505"":0,""147"":0,""625"":0,""60"":0,""469"":0,""728"":0,""396"":0,""115"":0,""139"":0,""180"":0,""26"":0,""134"":0,""536"":0,""285"":0,""522"":0,""78"":0,""1167"":0,""423"":0,""75"":0,""137"":0,""395"":0,""151"":0,""110"":0,""459"":0,""556"":0,""194"":0,""241"":0,""250"":0,""41"":0,""1646"":0,""267"":0,""238"":0,""304"":0,""72"":0,""376"":0,""107"":0,""413"":0,""160"":0,""1230"":0,""130"":0,""140"":0,""616"":0,""373"":0,""382"":0,""1636"":0,""2326"":0,""89"":0,""602"":0,""272"":0,""608"":0,""44"":0,""538"":0,""362"":0,""1808"":0,""558"":0,""312"":0,""368"":0,""484"":0,""488"":0,""925"":0,""668"":0,""125"":0,""34"":0,""1165"":0,""311"":0,""97"":0,""486"":0,""149"":0,""68"":0,""480"":0,""300"":0,""879"":0,""589"":0,""377"":0,""65"":0,""409"":0,""644"":0,""363"":0,""494"":0,""128"":0,""719"":0,""354"":0,""283"":0,""1027"":0,""153"":0,""42"":0,""399"":0,""114"":0,""568"":0,""244"":0,""120"":0,""57"":0,""992"":0,""1134"":0,""1388"":0,""606"":0,""348"":0,""360"":0,""187"":0,""38"":0,""1693"":0,""156"":0,""588"":0,""281"":0,""507"":0,""973"":0,""863"":0,""155"":0,""597"":0,""99"":0,""726"":0,""446"":0,""259"":0,""195"":0,""82"":0,""334"":0,""37"":0,""188"":0,""1047"":0,""855"":0,""495"":0,""985"":0,""410"":0,""253"":0,""997"":0,""1129"":0,""1694"":0,""580"":0,""323"":0,""443"":0,""280"":0,""535"":0,""349"":0,""643"":0,""198"":0,""350"":0,""922"":0,""533"":0,""278"":0,""64"":0,""328"":0,""293"":0,""237"":0,""184"":0,""152"":0,""802"":0,""175"":0,""69"":0,""1595"":0,""664"":0,""17"":0,""204"":0,""502"":0,""274"":0,""592"":0,""385"":0,""59"":0,""47"":0,""229"":0,""415"":0,""121"":0,""117"":0,""177"":0,""282"":0,""471"":0,""426"":0,""298"":0,""276"":0,""148"":0,""2166"":0,""246"":0,""679"":0,""417"":0,""573"":0,""2850"":0,""479"":0,""45"":0,""497"":0,""95"":0,""804"":0,""1451"":0,""496"":0,""135"":0,""185"":0,""232"":0,""268"":0,""800"":0,""805"":0,""465"":0,""212"":0,""353"":0,""378"":0,""366"":0,""1093"":0,""665"":0,""236"":0,""1227"":0,""339"":0,""419"":0,""351"":0,""569"":0,""544"":0,""561"":0,""347"":0,""550"":0,""190"":0,""88"":0,""429"":0,""209"":0,""930"":0,""302"":0,""1464"":0,""14"":0,""1311"":0,""186"":0,""700"":0,""1536"":0,""816"":0,""432"":0,""249"":0,""493"":0,""874"":0,""264"":0,""77"":0,""346"":0,""659"":0,""466"":0,""124"":0,""1377"":0,""1076"":0,""1624"":0,""697"":0,""8304"":0,""231"":0,""808"":0,""1146"":0,""405"":0,""859"":0,""165"":0,""43"":0,""623"":0,""935"":0,""630"":0,""98"":0,""520"":0,""733"":0,""2278"":0,""397"":0,""326"":0,""367"":0,""1265"":0,""381"":0,""193"":0,""403"":0,""854"":0,""370"":0,""214"":0,""794"":0,""365"":0,""506"":0,""211"":0,""242"":0,""1170"":0,""333"":0,""18"":0,""694"":0,""126"":0,""673"":0,""383"":0,""384"":0,""425"":0,""330"":0,""674"":0,""-46"":0,""182"":0,""1925"":0,""299"":0,""1000"":0,""503"":0,""218"":0,""942"":0,""398"":0,""882"":0,""332"":0,""90"":0,""55"":0,""1780"":0,""-27"":0,""526"":0,""257"":0,""2240"":0,""1085"":0,""173"":0,""1310"":0,""454"":0,""953"":0,""287"":0,""444"":0,""1506"":0,""661"":0,""849"":0,""310"":0,""590"":0,""2144"":0,""567"":0,""2693"":0,""371"":0,""624"":0,""445"":0,""375"":0,""239"":0,""924"":0,""682"":0,""599"":0,""820"":0,""760"":0,""670"":0,""1199"":0,""622"":0,""576"":0,""1374"":0,""542"":0,""5310"":0,""416"":0,""467"":0,""759"":0,""895"":0,""732"":0,""501"":0,""524"":0,""2785"":0,""1187"":0,""926"":0,""2551"":0,""174"":0,""170"":0,""553"":0,""518"":0,""1387"":0,""-15"":0,""653"":0,""1857"":0,""356"":0,""442"":0,""519"":0,""3696"":0,""142"":0,""867"":0,""641"":0,""1411"":0,""3324"":0,""406"":0,""-6"":0,""342"":0,""870"":0,""620"":0,""2266"":0,""1026"":0,""1147"":0,""549"":0,""1504"":0,""883"":0,""541"":0,""380"":0,""974"":0,""361"":0,""704"":0,""462"":0,""418"":0,""1234"":0,""200"":0,""234"":0,""290"":0,""317"":0,""631"":0,""596"":0,""934"":0,""746"":0,""572"":0,""699"":0,""1138"":0,""563"":0,""448"":0,""1354"":0,""490"":0,""9367"":0,""555"":0,""751"":0,""920"":0,""428"":0,""676"":0,""877"":0,""613"":0,""983"":0,""1277"":0,""270"":0,""720"":0,""1279"":0,""226"":0,""252"":0,""1337"":0,""279"":0,""369"":0,""593"":0,""-32"":0,""515"":0,""2007"":0,""1228"":0,""1257"":0,""461"":0,""1070"":0,""2885"":0,""978"":0,""1515"":0,""3735"":0,""87"":0,""941"":0,""1495"":0,""321"":0,""355"":0,""634"":0,""618"":0,""63"":0,""1221"":0,""427"":0,""118"":0,""1730"":0,""578"":0,""305"":0,""508"":0,""1401"":0,""938"":0,""1938"":0,""559"":0,""451"":0,""11862"":0,""172"":0,""-522"":0,""329"":0,""1104"":0,""660"":0,""706"":0,""2037"":0,""2666"":0,""780"":0,""603"":0,""534"":0,""897"":0,""327"":0,""392"":0,""876"":0,""1291"":0,""207"":0,""715"":0,""408"":0,""491"":0,""905"":0,""1309"":0,""1177"":0,""2149"":0,""-306"":0,""344"":0,""-311"":0,""1308"":0,""2374"":0,""210"":0,""581"":0,""1547"":0,""430"":0,""945"":0,""718"":0,""447"":0,""1064"":0,""914"":0,""611"":0,""-276"":0,""817"":0,""1327"":0,""1270"":0,""1384"":0,""1443"":0,""943"":0,""582"":0,""830"":0,""2139"":0,""678"":0,""-67"":0,""781"":0,""58"":0,""902"":0,""1044"":0,""829"":0,""478"":0,""527"":0,""1032"":0,""5359"":0,""797"":0,""621"":0,""865"":0,""458"":0,""220"":0,""3676"":0,""1396"":0,""814"":0,""765"":0,""1289"":0,""1293"":0,""967"":0,""1533"":0,""916"":0,""834"":0,""574"":0,""277"":0,""607"":0,""2544"":0,""-9"":0,""1231"":0,""995"":0,""1125"":0,""846"":0,""2308"":0,""394"":0,""955"":0,""792"":0,""705"":0,""911"":0,""957"":0,""695"":0,""457"":0,""689"":0,""1097"":0,""1723"":0,""2367"":0,""402"":0,""1011"":0,""31"":0,""1088"":0,""364"":0,""2646"":0,""1207"":0,""1529"":0,""-454"":0,""2145"":0,""2087"":0,""-3"":0,""810"":0,""1559"":0,""1406"":0,""1189"":0,""336"":0,""4401"":0,""1049"":0,""150"":0,""7968"":0,""1623"":0,""1819"":0,""475"":0,""880"":0,""803"":0,""3754"":0,""474"":0,""605"":0,""1058"":0,""2383"":0,""1314"":0,""2929"":0,""331"":0,""411"":0,""438"":0,""873"":0,""11115"":0,""-57"":0,""3738"":0,""594"":0,""-242"":0,""4629"":0,""4787"":0,""681"":0,""289"":0,""1077"":0,""477"":0,""1412"":0,""463"":0,""-92"":0,""513"":0,""657"":0,""734"":0,""949"":0,""698"":0,""1633"":0,""1697"":0,""3463"":0,""1996"":0,""776"":0,""1541"":0,""1807"":0,""2155"":0,""-312"":0,""860"":0,""512"":0,""1625"":0,""1579"":0,""2206"":0,""583"":0,""1074"":0,""2590"":0,""976"":0,""56"":0,""980"":0,""744"":0,""633"":0,""560"":0,""4721"":0,""-367"":0,""755"":0,""1954"":0,""881"":0,""1720"":0,""32"":0,""663"":0,""604"":0,""208"":0,""2812"":0,""871"":0,""1880"":0,""839"":0,""1240"":0,""975"":0,""828"":0,""456"":0,""112"":0,""1181"":0,""600"":0,""940"":0,""245"":0,""691"":0,""714"":0,""528"":0,""722"":0,""2351"":0,""1144"":0,""537"":0,""1224"":0,""769"":0,""213"":0,""1664"":0,""1742"":0,""1796"":0,""340"":0,""636"":0,""1128"":0,""1235"":0,""842"":0,""586"":0,""2987"":0,""27696"":0,""2223"":0,""3237"":0,""1013"":0,""1331"":0,""1970"":0,""434"":0,""-30"":0,""1853"":0,""143"":0,""2600"":0,""3608"":0,""1113"":0,""1696"":0,""3518"":0,""343"":0,""441"":0,""1133"":0,""947"":0,""161"":0,""654"":0,""325"":0,""866"":0,""288"":0,""1004"":0,""1435"":0,""295"":0,""786"":0,""-97"":0,""1416"":0,""638"":0,""2488"":0,""1319"":0,""450"":0,""1575"":0,""3301"":0,""991"":0,""1222"":0,""833"":0,""2427"":0,""3140"":0,""952"":0,""2352"":0,""1812"":0,""3904"":0,""762"":0,""1381"":0,""1298"":0,""2027"":0,""999"":0,""788"":0,""2160"":0,""2971"":0,""1746"":0,""358"":0,""756"":0,""2033"":0,""500"":0,""2946"":0,""799"":0,""927"":0,""266"":0,""2044"":0,""1791"":0,""487"":0,""2196"":0,""1587"":0,""468"":0,""2503"":0,""656"":0,""3060"":0,""3317"":0,""2991"":0,""595"":0,""-382"":0,""629"":0,""521"":0,""1022"":0,""453"":0,""2085"":0,""1271"":0,""1734"":0,""1859"":0,""1750"":0,""1303"":0,""738"":0,""771"":0,""552"":0,""-547"":0,""750"":0,""900"":0,""-19"":0,""2235"":0,""806"":0,""577"":0,""510"":0,""1854"":0,""1031"":0,""2321"":0,""440"":0,""-181"":0,""2306"":0,""2038"":0,""1514"":0,""464"":0,""680"":0,""3511"":0,""2129"":0,""308"":0,""890"":0,""-461"":0,""166"":0,""677"":0,""667"":0,""1934"":0,""1168"":0,""778"":0,""3283"":0,""1182"":0,""787"":0,""1513"":0,""4328"":0,""-11"":0,""1788"":0,""1239"":0,""1352"":0,""3629"":0,""3287"":0,""286"":0,""1390"":0,""2283"":0,""-13"":0,""1320"":0,""2109"":0,""766"":0,""4198"":0,""2552"":0,""3842"":0,""3343"":0,""1965"":0,""1463"":0,""-58"":0,""1988"":0,""1568"":0,""3109"":0,""2467"":0,""1395"":0,""789"":0,""3771"":0,""-50"":0,""6138"":0,""893"":0,""4017"":0,""-45"":0,""1368"":0,""-196"":0,""571"":0,""263"":0,""4112"":0,""338"":0,""3733"":0,""944"":0,""1948"":0,""433"":0,""4243"":0,""637"":0,""889"":0,""481"":0,""2567"":0,""7050"":0,""1699"":0,""1660"":0,""3840"":0,""1609"":0,""7005"":0,""1276"":0,""1137"":0,""1655"":0,""948"":0,""2887"":0,""10583"":0,""-309"":0,""1347"":0,""782"":0,""779"":0,""2048"":0,""1644"":0,""723"":0,""3290"":0,""739"":0,""1871"":0,""1843"":0,""4945"":0,""1855"":0,""1127"":0,""1779"":0,""3371"":0,""2071"":0,""1131"":0,""1114"":0,""1202"":0,""615"":0,""1042"":0,""1534"":0,""1830"":0,""961"":0,""357"":0,""1313"":0,""570"":0,""2667"":0,""686"":0,""2161"":0,""907"":0,""1345"":0,""1978"":0,""3384"":0,""774"":0,""683"":0,""824"":0,""1348"":0,""562"":0,""436"":0,""1236"":0,""763"":0,""736"":0,""2764"":0,""1195"":0,""796"":0,""962"":0,""2596"":0,""1728"":0,""841"":0,""-106"":0,""233"":0,""684"":0,""3917"":0,""5715"":0,""-195"":0,""2398"":0,""1778"":0,""628"":0,""827"":0,""1841"":0,""499"":0,""10861"":0,""2331"":0,""22867"":0,""2734"":0,""-56"":0,""2424"":0,""3160"":0,""-37"":0,""1989"":0,""3100"":0,""3576"":0,""4708"":0,""1573"":0,""1445"":0,""2540"":0,""2994"":0,""767"":0,""452"":0,""-40"":0,""737"":0,""1498"":0,""530"":0,""-42"":0,""777"":0,""3723"":0,""449"":0,""2910"":0,""844"":0,""825"":0,""5024"":0,""1238"":0,""-114"":0,""783"":0,""543"":0,""2682"":0,""1246"":0,""587"":0,""1429"":0,""3444"":0,""811"":0,""5561"":0,""-22"":0,""-94"":0,""1371"":0,""990"":0,""639"":0,""3473"":0,""1382"":0,""982"":0,""-701"":0,""2473"":0,""2040"":0,""1020"":0,""1040"":0,""85"":0,""2678"":0,""1080"":0,""10185"":0,""710"":0,""-170"":0,""2603"":0,""840"":0,""791"":0,""2263"":0,""319"":0,""1598"":0,""1211"":0,""1214"":0,""492"":0,""2064"":0,""696"":0,""6281"":0,""-36"":0,""1815"":0,""-754"":0,""12857"":0,""5060"":0,""-411"":0,""-78"":0,""435"":0,""2707"":0,""1423"":0,""-34"":0,""4657"":0,""757"":0,""7702"":0,""5115"":0,""2346"":0,""1066"":0,""2509"":0,""1130"":0,""-271"":0,""4692"":0,""901"":0,""1101"":0,""3466"":0,""2881"":0,""1376"":0,""-247"":0,""1947"":0,""404"":0,""1967"":0,""2228"":0,""1757"":0,""3434"":0,""2489"":0,""1012"":0,""1110"":0,""3623"":0,""-20"":0,""-375"":0,""2103"":0,""301"":0,""-119"":0,""460"":0,""551"":0,""-468"":0,""2787"":0,""-8"":0,""5291"":0,""1120"":0,""3415"":0,""-35"":0,""785"":0,""1315"":0,""1304"":0,""898"":0,""1405"":0,""-253"":0,""937"":0,""2823"":0,""740"":0,""981"":0,""421"":0,""548"":0,""2067"":0,""2892"":0,""1794"":0,""801"":0,""439"":0,""1610"":0,""1583"":0,""826"":0,""2152"":0,""-191"":0,""5345"":0,""2918"":0,""1330"":0,""1295"":0,""545"":0,""671"":0,""-29"":0,""-190"":0,""712"":0,""1468"":0,""2396"":0,""424"":0,""2269"":0,""-165"":0,""1219"":0,""709"":0,""2538"":0,""1809"":0,""9324"":0,""-207"":0,""1904"":0,""1163"":0,""1057"":0,""-25"":0,""965"":0,""6181"":0,""251"":0,""908"":0,""843"":0,""-109"":0,""5475"":0,""2469"":0,""4718"":0,""3770"":0,""1707"":0,""2870"":0,""11650"":0,""-393"":0,""1090"":0,""2081"":0,""11766"":0,""2376"":0,""1173"":0,""-122"":0,""-238"":0,""1517"":0,""5169"":0,""1708"":0,""-315"":0,""1527"":0,""4790"":0,""3810"":0,""1477"":0,""822"":0,""3308"":0,""1243"":0,""4951"":0,""5112"":0,""1519"":0,""1154"":0,""1946"":0,""1055"":0,""12264"":0,""1102"":0,""6551"":0,""2039"":0,""-205"":0,""1355"":0,""1158"":0,""-7"":0,""3611"":0,""869"":0,""1179"":0,""3450"":0,""2543"":0,""-413"":0,""2093"":0,""2498"":0,""909"":0,""1584"":0,""5275"":0,""2717"":0,""1690"":0,""1060"":0,""-176"":0,""-239"":0,""1393"":0,""4256"":0,""1099"":0,""2556"":0,""3634"":0,""2998"":0,""4831"":0,""921"":0,""81204"":0,""2724"":0,""2795"":0,""2775"":0,""5021"":0,""979"":0,""2939"":0,""1255"":0,""1613"":0,""2855"":0,""2776"":0,""1919"":0,""3868"":0,""7802"":0,""2986"":0,""547"":0,""690"":0,""2645"":0,""1818"":0,""391"":0,""2354"":0,""1206"":0,""1091"":0,""5267"":0,""1454"":0,""632"":0,""3715"":0,""-488"":0,""1654"":0,""1824"":0,""1836"":0,""2013"":0,""1767"":0,""3951"":0,""3665"":0,""3663"":0,""8278"":0,""1193"":0,""2384"":0,""1567"":0,""850"":0,""1492"":0,""2722"":0,""10541"":0,""1795"":0,""823"":0,""3417"":0,""4745"":0,""3540"":0,""2805"":0,""3114"":0,""2657"":0,""688"":0,""3176"":0,""6027"":0,""764"":0,""-221"":0,""407"":0,""2820"":0,""2983"":0,""1940"":0,""1681"":0,""614"":0,""-4"":0,""3161"":0,""2084"":0,""742"":0,""1438"":0,""915"":0,""2955"":0,""12067"":0,""401"":0,""1639"":0,""1336"":0,""8000"":0,""-10"":0,""1637"":0,""3144"":0,""1191"":0,""3230"":0,""1590"":0,""1430"":0,""1216"":0,""932"":0,""-324"":0,""1490"":0,""970"":0,""1296"":0,""861"":0,""4041"":0,""1071"":0,""5397"":0,""1957"":0,""-72"":0,""2611"":0,""3145"":0,""1544"":0,""2779"":0,""5252"":0,""-89"":0,""3561"":0,""2227"":0,""5691"":0,""1413"":0,""1075"":0,""2896"":0,""5296"":0,""509"":0,""6771"":0,""4761"":0,""1212"":0,""3764"":0,""2801"":0,""1629"":0,""951"":0,""2140"":0,""1711"":0,""3342"":0,""1162"":0,""5958"":0,""470"":0,""1444"":0,""4176"":0,""832"":0,""2388"":0,""566"":0,""1628"":0,""-175"":0,""579"":0,""3472"":0,""-392"":0,""993"":0,""2999"":0,""2843"":0,""511"":0,""-150"":0,""-218"":0,""5222"":0,""1153"":0,""5432"":0,""1048"":0,""3499"":0,""2731"":0,""-183"":0,""8876"":0,""1349"":0,""2133"":0,""-244"":0,""-55"":0,""795"":0,""1218"":0,""1250"":0,""4822"":0,""-250"":0,""2595"":0,""15341"":0,""754"":0,""7503"":0,""3706"":0,""-497"":0,""2854"":0,""8564"":0,""-66"":0,""1322"":0,""-302"":0,""1602"":0,""2183"":0,""-208"":0,""1161"":0,""3954"":0,""928"":0,""4943"":0,""-257"":0,""12956"":0,""3354"":0,""3430"":0,""2669"":0,""6840"":0,""-213"":0,""1350"":0,""1301"":0,""685"":0,""-666"":0,""-151"":0,""3431"":0,""1743"":0,""3196"":0,""2605"":0,""-1415"":0,""-383"":0,""1631"":0,""3304"":0,""1466"":0,""4567"":0,""-232"":0,""-272"":0,""-341"":0,""2060"":0,""2453"":0,""525"":0,""894"":0,""3285"":0,""-139"":0,""913"":0,""2363"":0,""1949"":0,""1510"":0,""3839"":0,""374"":0,""1262"":0,""-192"":0,""892"":0,""-321"":0,""1096"":0,""-354"":0,""1844"":0,""1735"":0,""-210"":0,""-74"":0,""2597"":0,""1018"":0,""2583"":0,""4874"":0,""13578"":0,""713"":0,""-38"":0,""-292"":0,""758"":0,""1689"":0,""-396"":0,""-470"":0,""-395"":0,""1618"":0,""-84"":0,""1521"":0,""1503"":0,""74"":0,""1342"":0,""-59"":0,""-233"":0,""2443"":0,""532"":0,""910"":0,""2490"":0,""3773"":0,""1682"":0,""546"":0,""-12"":0,""2246"":0,""4168"":0,""708"":0,""1141"":0,""2410"":0,""1272"":0,""-43"":0,""1704"":0,""610"":0,""1596"":0,""1887"":0,""-194"":0,""964"":0,""923"":0,""2677"":0,""1653"":0,""1106"":0,""2399"":0,""2002"":0,""2050"":0,""1724"":0,""1248"":0,""2137"":0,""1297"":0,""1942"":0,""1766"":0,""1210"":0,""950"":0,""-337"":0,""1033"":0,""1084"":0,""2290"":0,""-41"":0,""812"":0,""3528"":0,""692"":0,""3119"":0,""4844"":0,""1321"":0,""1561"":0,""4348"":0,""2781"":0,""1046"":0,""13711"":0,""1267"":0,""772"":0,""2976"":0,""2378"":0,""-197"":0,""1508"":0,""716"":0,""-44"":0,""-203"":0,""13107"":0,""4216"":0,""-126"":0,""2366"":0,""2658"":0,""1580"":0,""-236"":0,""4613"":0,""2204"":0,""1358"":0,""707"":0,""4930"":0,""11008"":0,""1556"":0,""3047"":0,""4151"":0,""747"":0,""3229"":0,""1379"":0,""1002"":0,""2305"":0,""-274"":0,""3756"":0,""504"":0,""-102"":0,""1539"":0,""1287"":0,""5763"":0,""-209"":0,""-157"":0,""1261"":0,""2486"":0,""1028"":0,""2894"":0,""1148"":0,""-397"":0,""-637"":0,""2656"":0,""6835"":0,""1139"":0,""1025"":0,""248"":0,""1281"":0,""2251"":0,""1585"":0,""2047"":0,""1151"":0,""1365"":0,""-76"":0,""2990"":0,""601"":0,""2194"":0,""1453"":0,""1299"":0,""1717"":0,""-160"":0,""2644"":0,""-346"":0,""1851"":0,""1082"":0,""1178"":0,""-60"":0,""968"":0,""2344"":0,""2763"":0,""2226"":0,""-104"":0,""5539"":0,""853"":0,""2485"":0,""1675"":0,""1604"":0,""6728"":0,""693"":0,""-399"":0,""1023"":0,""3096"":0,""-388"":0,""1943"":0,""4389"":0,""3644"":0,""972"":0,""5969"":0,""-87"":0,""862"":0,""4023"":0,""931"":0,""-389"":0,""2079"":0,""1685"":0,""2984"":0,""2880"":0,""7944"":0,""-199"":0,""2123"":0,""-482"":0,""4984"":0,""1906"":0,""3234"":0,""3221"":0,""3352"":0,""3713"":0,""400"":0,""3271"":0,""-498"":0,""2061"":0,""1649"":0,""807"":0,""489"":0,""4189"":0,""1363"":0,""5511"":0,""1329"":0,""2857"":0,""8781"":0,""5437"":0,""5037"":0,""3141"":0,""8603"":0,""10252"":0,""2074"":0,""379"":0,""1316"":0,""575"":0,""2465"":0,""3935"":0,""1190"":0,""617"":0,""730"":0,""752"":0,""8295"":0,""4321"":0,""745"":0,""1159"":0,""1286"":0,""1716"":0,""6574"":0,""2094"":0,""5205"":0,""3630"":0,""2643"":0,""1776"":0,""20585"":0,""2156"":0,""2171"":0,""3407"":0,""3585"":0,""2016"":0,""1034"":0,""52587"":0,""10884"":0,""1600"":0,""6619"":0,""5041"":0,""3850"":0,""2845"":0,""1307"":0,""7506"":0,""13014"":0,""2671"":0,""896"":0,""10250"":0,""4099"":0,""1974"":0,""4623"":0,""-28"":0,""3403"":0,""4693"":0,""4388"":0,""717"":0,""498"":0,""2816"":0,""1050"":0,""2749"":0,""5802"":0,""6507"":0,""2408"":0,""989"":0,""8866"":0,""1107"":0,""761"":0,""2786"":0,""5462"":0,""1783"":0,""6791"":0,""227"":0,""4152"":0,""4126"":0,""701"":0,""1461"":0,""3025"":0,""1425"":0,""-504"":0,""6101"":0,""2239"":0,""784"":0,""-462"":0,""1003"":0,""7863"":0,""727"":0,""-254"":0,""4987"":0,""3399"":0,""4333"":0,""17924"":0,""1317"":0,""1356"":0,""1006"":0,""17964"":0,""906"":0,""-54"":0,""2766"":0,""1599"":0,""2406"":0,""-71"":0,""-357"":0,""725"":0,""2019"":0,""878"":0,""3387"":0,""5774"":0,""2120"":0,""887"":0,""5701"":0,""-172"":0,""818"":0,""-473"":0,""1441"":0,""2325"":0,""-308"":0,""352"":0,""-466"":0,""-51"":0,""1015"":0,""1109"":0,""1119"":0,""5689"":0,""-525"":0,""2232"":0,""-314"":0,""23878"":0,""741"":0,""5887"":0,""1400"":0,""1744"":0,""1617"":0,""3846"":0,""-556"":0,""891"":0,""3340"":0,""5313"":0,""389"":0,""1898"":0,""-184"":0,""3469"":0,""3730"":0,""-273"":0,""3401"":0,""2032"":0,""15161"":0,""-361"":0,""4119"":0,""3370"":0,""1089"":0,""1872"":0,""3297"":0,""1341"":0,""1852"":0,""2442"":0,""1059"":0,""1543"":0,""2265"":0,""963"":0,""3950"":0,""-407"":0,""2416"":0,""1840"":0,""1968"":0,""-287"":0,""1005"":0,""1982"":0,""1117"":0,""5514"":0,""2360"":0,""773"":0,""1205"":0,""2337"":0,""2069"":0,""2580"":0,""1489"":0,""2022"":0,""176"":0,""6746"":0,""4157"":0,""4539"":0,""1524"":0,""-972"":0,""1945"":0,""1367"":0,""10086"":0,""3043"":0,""-103"":0,""2193"":0,""-90"":0,""4807"":0,""1150"":0,""2635"":0,""1765"":0,""1081"":0,""6046"":0,""3443"":0,""1241"":0,""1086"":0,""2895"":0,""6807"":0,""2587"":0,""1318"":0,""917"":0,""1035"":0,""412"":0,""819"":0,""4415"":0,""3792"":0,""585"":0,""539"":0,""4596"":0,""1784"":0,""648"":0,""10925"":0,""1501"":0,""1756"":0,""7529"":0,""12039"":0,""649"":0,""1781"":0,""12569"":0,""2575"":0,""3994"":0,""3648"":0,""666"":0,""1273"":0,""2282"":0,""4736"":0,""1258"":0,""8556"":0,""-79"":0,""5303"":0,""-17"":0,""1937"":0,""4380"":0,""1528"":0,""1588"":0,""2944"":0,""1180"":0,""11891"":0,""225"":0,""1679"":0,""2054"":0,""5473"":0,""4366"":0,""6392"":0,""8585"":0,""2118"":0,""-456"":0,""-444"":0,""3531"":0,""6307"":0,""-132"":0,""4358"":0,""9374"":0,""591"":0,""5953"":0,""7051"":0,""2422"":0,""1285"":0,""5700"":0,""-159"":0,""-451"":0,""9326"":0,""4492"":0,""2420"":0,""-636"":0,""269"":0,""1755"":0,""1499"":0,""24450"":0,""7934"":0,""10438"":0,""1457"":0,""2261"":0,""-463"":0,""1343"":0,""2458"":0,""872"":0,""2258"":0,""-1137"":0,""4568"":0,""2793"":0,""2908"":0,""7780"":0,""4382"":0,""857"":0,""1409"":0,""5016"":0,""958"":0,""5769"":0,""5735"":0,""4519"":0,""10269"":0,""6332"":0,""7984"":0,""966"":0,""531"":0,""-211"":0,""16992"":0,""-349"":0,""5193"":0,""3776"":0,""5315"":0,""6971"":0,""5828"":0,""743"":0,""4798"":0,""-120"":0,""1252"":0,""1875"":0,""8226"":0,""3461"":0,""-320"":0,""2593"":0,""25290"":0,""1823"":0,""8725"":0,""3390"":0,""-614"":0,""4929"":0,""6691"":0,""2403"":0,""2769"":0,""4594"":0,""672"":0,""13849"":0,""4121"":0,""3323"":0,""790"":0,""984"":0,""12531"":0,""2547"":0,""3782"":0,""5801"":0,""2059"":0,""3598"":0,""1476"":0,""6512"":0,""1800"":0,""-300"":0,""22815"":0,""8590"":0,""4063"":0,""8486"":0,""1873"":0,""-294"":0,""14930"":0,""-600"":0,""1869"":0,""20772"":0,""8514"":0,""1881"":0,""15841"":0,""2501"":0,""5744"":0,""4344"":0,""1839"":0,""2768"":0,""904"":0,""2940"":0,""-16"":0,""3967"":0,""10635"":0,""4253"":0,""3238"":0,""2564"":0,""4576"":0,""3079"":0,""-861"":0,""1577"":0,""2993"":0,""-155"":0,""2433"":0,""5547"":0,""9713"":0,""7811"":0,""2830"":0,""-475"":0,""3086"":0,""-700"":0,""1098"":0,""5050"":0,""753"":0,""9051"":0,""-173"":0,""2982"":0,""1594"":0,""6116"":0,""1256"":0,""2034"":0,""-80"":0,""4515"":0,""6362"":0,""2413"":0,""-284"":0,""3517"":0,""11016"":0,""2369"":0,""-325"":0,""2312"":0,""4013"":0,""1554"":0,""29207"":0,""-259"":0,""4841"":0,""918"":0,""2744"":0,""1440"":0,""1264"":0,""7067"":0,""2497"":0,""1670"":0,""516"":0,""584"":0,""8044"":0,""8319"":0,""2070"":0,""-505"":0,""6690"":0,""2404"":0,""4178"":0,""1797"":0,""1449"":0,""4150"":0,""1821"":0,""996"":0,""5299"":0,""-372"":0,""2356"":0,""10787"":0,""1611"":0,""5223"":0,""1021"":0,""20011"":0,""1068"":0,""-414"":0,""-269"":0,""1770"":0,""1972"":0,""6766"":0,""3854"":0,""-1489"":0,""2110"":0,""7336"":0,""5571"":0,""-152"":0,""2289"":0,""1324"":0,""1328"":0,""1432"":0,""7100"":0,""5678"":0,""5641"":0,""1753"":0,""7010"":0,""19343"":0,""4314"":0,""6004"":0,""10218"":0,""-131"":0,""5083"":0,""2607"":0,""5122"":0,""2213"":0,""1806"":0,""-509"":0,""1813"":0,""-110"":0,""37127"":0,""2702"":0,""2743"":0,""2257"":0,""-718"":0,""2323"":0,""-47"":0,""564"":0,""6929"":0,""919"":0,""345"":0,""933"":0,""2487"":0,""20723"":0,""-849"":0,""-436"":0,""3503"":0,""5426"":0,""7735"":0,""-805"":0,""-14"":0,""1373"":0,""6445"":0,""1661"":0,""13156"":0,""2937"":0,""4545"":0,""5276"":0,""1282"":0,""-749"":0,""3038"":0,""23592"":0,""2276"":0,""2708"":0,""-516"":0,""1516"":0,""2876"":0,""2481"":0,""12276"":0,""6200"":0,""1648"":0,""1530"":0,""1856"":0,""5920"":0,""-6847"":0,""609"":0,""-422"":0,""-755"":0,""5163"":0,""4707"":0,""1993"":0,""3428"":0,""-410"":0,""-206"":0,""2834"":0,""1394"":0,""11265"":0,""4497"":0,""4696"":0,""2298"":0,""1054"":0,""3131"":0,""18558"":0,""20928"":0,""9851"":0,""5127"":0,""12848"":0,""-467"":0,""2496"":0,""-141"":0,""1016"":0,""1861"":0,""888"":0,""2315"":0,""1063"":0,""-100"":0,""1846"":0,""22755"":0,""-201"":0,""-98"":0,""-752"":0,""2080"":0,""2188"":0,""1900"":0,""11431"":0,""903"":0,""6102"":0,""-762"":0,""6242"":0,""4920"":0,""5034"":0,""3986"":0,""6718"":0,""-441"":0,""702"":0,""7752"":0,""4471"":0,""1969"":0,""4912"":0,""1581"":0,""2662"":0,""-848"":0,""3872"":0,""2572"":0,""4054"":0,""3164"":0,""18777"":0,""4418"":0,""1467"":0,""-588"":0,""2000"":0,""1932"":0,""3105"":0,""-234"":0,""420"":0,""5261"":0,""3672"":0,""-96"":0,""-344"":0,""-68"":0,""2806"":0,""-974"":0,""971"":0,""-423"":0,""-365"":0,""-222"":0,""1473"":0,""8785"":0,""5172"":0,""3107"":0,""1626"":0,""4105"":0,""4482"":0,""-295"":0,""3955"":0,""3702"":0,""-663"":0,""1402"":0,""7628"":0,""-553"":0,""2879"":0,""-390"":0,""813"":0,""1571"":0,""10984"":0,""2095"":0,""3402"":0,""-143"":0,""2242"":0,""5731"":0,""-329"":0,""-140"":0,""3120"":0,""5214"":0,""5092"":0,""2996"":0,""1103"":0,""1865"":0,""4564"":0,""2405"":0,""7264"":0,""3579"":0,""11254"":0,""-280"":0,""5903"":0,""3748"":0,""6839"":0,""-235"":0,""1172"":0,""6269"":0,""13410"":0,""16786"":0,""2430"":0,""-179"":0,""-1531"":0,""4287"":0,""4048"":0,""-164"":0,""6798"":0,""12180"":0,""-529"":0,""-322"":0,""3571"":0,""4577"":0,""3918"":0,""1433"":0,""3495"":0,""4996"":0,""3478"":0,""1254"":0,""3572"":0,""4622"":0,""6641"":0,""4319"":0,""1667"":0,""5563"":0,""17672"":0,""3410"":0,""13342"":0,""4910"":0,""4312"":0,""2741"":0,""11494"":0,""4466"":0,""1992"":0,""1166"":0,""2791"":0,""3091"":0,""3975"":0,""4527"":0,""9301"":0,""4709"":0,""2036"":0,""2642"":0,""652"":0,""2920"":0,""-116"":0,""2220"":0,""7747"":0,""1487"":0,""4040"":0,""8417"":0,""9710"":0,""2128"":0,""4305"":0,""1019"":0,""8097"":0,""-360"":0,""6227"":0,""5260"":0,""3643"":0,""-738"":0,""6637"":0,""7832"":0,""5381"":0,""3874"":0,""-330"":0,""3261"":0,""2428"":0,""36935"":0,""17361"":0,""1357"":0,""8918"":0,""4056"":0,""4645"":0,""1597"":0,""4130"":0,""2348"":0,""1340"":0,""1842"":0,""4299"":0,""51439"":0,""5521"":0,""1966"":0,""-634"":0,""-258"":0,""-49"":0,""-575"":0,""3419"":0,""3549"":0,""11854"":0,""1017"":0,""4982"":0,""2117"":0,""2652"":0,""-1139"":0,""3396"":0,""8837"":0,""4367"":0,""5559"":0,""3137"":0,""25947"":0,""1062"":0,""10465"":0,""2440"":0,""1436"":0,""4556"":0,""1398"":0,""6215"":0,""4903"":0,""4037"":0,""1043"":0,""1434"":0,""3832"":0,""1036"":0,""5914"":0,""2767"":0,""2157"":0,""2328"":0,""1410"":0,""1683"":0,""2925"":0,""3817"":0,""3494"":0,""5632"":0,""2008"":0,""2911"":0,""3992"":0,""1198"":0,""3178"":0,""1386"":0,""-328"":0,""7876"":0,""838"":0,""2170"":0,""6659"":0,""7162"":0,""6981"":0,""2452"":0,""5879"":0,""-283"":0,""-1965"":0,""7296"":0,""3014"":0,""-412"":0,""2579"":0,""735"":0,""3536"":0,""7816"":0,""1300"":0,""2394"":0,""-391"":0,""4522"":0,""3157"":0,""3163"":0,""2674"":0,""1558"":0,""851"":0,""1481"":0,""2195"":0,""-435"":0,""848"":0,""9192"":0,""5154"":0,""-26"":0,""-326"":0,""8267"":0,""5215"":0,""1591"":0,""847"":0,""5827"":0,""4869"":0,""3104"":0,""-759"":0,""3067"":0,""-167"":0,""3685"":0,""10041"":0,""3335"":0,""-508"":0,""10378"":0,""-448"":0,""-2712"":0,""-888"":0,""-142"":0,""3720"":0,""4660"":0,""1903"":0,""7845"":0,""6337"":0,""6570"":0,""3560"":0,""946"":0,""13658"":0,""-124"":0,""2520"":0,""56831"":0,""8982"":0,""1537"":0,""5423"":0,""3296"":0,""1914"":0,""3558"":0,""6432"":0,""10721"":0,""4969"":0,""10655"":0,""2697"":0,""3247"":0,""-289"":0,""1397"":0,""21614"":0,""7831"":0,""-492"":0,""1862"":0,""1545"":0,""3534"":0,""4641"":0,""3240"":0,""-720"":0,""3098"":0,""3984"":0,""-336"":0,""8669"":0,""3884"":0,""31868"":0,""2548"":0,""472"":0,""5553"":0,""1442"":0,""4722"":0,""4279"":0,""2585"":0,""-65"":0,""3310"":0,""4513"":0,""2916"":0,""-1701"":0,""1437"":0,""5366"":0,""1866"":0,""2460"":0,""3021"":0,""1566"":0,""1459"":0,""2555"":0,""-185"":0,""-1451"":0,""5916"":0,""1067"":0,""2302"":0,""-202"":0,""3090"":0,""1156"":0,""-481"":0,""3168"":0,""-177"":0,""23495"":0,""7649"":0,""-230"":0,""2715"":0,""2933"":0,""2891"":0,""7867"":0,""5746"":0,""2158"":0,""4053"":0,""4574"":0,""3578"":0,""7369"":0,""2400"":0,""3016"":0,""1909"":0,""5784"":0,""2459"":0,""-187"":0,""9224"":0,""13901"":0,""-633"":0,""3717"":0,""2800"":0,""3228"":0,""4331"":0,""-327"":0,""2945"":0,""13774"":0,""2995"":0,""-154"":0,""3185"":0,""5231"":0,""7602"":0,""1001"":0,""1525"":0,""-353"":0,""2185"":0,""-338"":0,""5737"":0,""1351"":0,""2475"":0,""-934"":0,""8298"":0,""7426"":0,""485"":0,""3870"":0,""2113"":0,""2761"":0,""2549"":0,""1601"":0,""554"":0,""1782"":0,""11219"":0,""4726"":0,""1686"":0,""29184"":0,""3768"":0,""8806"":0,""7641"":0,""-910"":0,""1532"":0,""969"":0,""1078"":0,""4840"":0,""12159"":0,""3262"":0,""4565"":0,""-613"":0,""4293"":0,""2457"":0,""2672"":0,""4196"":0,""1549"":0,""4464"":0,""2295"":0,""1283"":0,""6699"":0,""2003"":0,""2836"":0,""24780"":0,""19358"":0,""-558"":0,""4769"":0,""-548"":0,""1385"":0,""1953"":0,""8784"":0,""-261"":0,""6217"":0,""3364"":0,""-262"":0,""1884"":0,""3455"":0,""2813"":0,""4888"":0,""5956"":0,""-745"":0,""1790"":0,""14522"":0,""13818"":0,""1630"":0,""1928"":0,""647"":0,""-82"":0,""5704"":0,""-565"":0,""7408"":0,""10005"":0,""5435"":0,""5010"":0,""34230"":0,""-2"":0,""837"":0,""3165"":0,""3885"":0,""2565"":0,""3151"":0,""8379"":0,""-63"":0,""-978"":0,""9994"":0,""2499"":0,""2478"":0,""5249"":0,""66653"":0,""2570"":0,""-825"":0,""2875"":0,""642"":0,""3851"":0,""4612"":0,""4582"":0,""-938"":0,""1710"":0,""627"":0,""2088"":0,""23421"":0,""-331"":0,""13054"":0,""4793"":0,""2417"":0,""2878"":0,""-378"":0,""-298"":0,""14850"":0,""6836"":0,""-722"":0,""7313"":0,""9214"":0,""1894"":0,""16397"":0,""-243"":0,""6298"":0,""2578"":0,""4128"":0,""6525"":0,""9317"":0,""1203"":0,""-971"":0,""6979"":0,""23189"":0,""3740"":0,""2116"":0,""3783"":0,""2343"":0,""8919"":0,""2454"":0,""3041"":0,""6005"":0,""2345"":0,""2146"":0,""2090"":0,""-1944"":0,""4031"":0,""5990"":0,""1979"":0,""9328"":0,""-368"":0,""5872"":0,""9407"":0,""4182"":0,""1458"":0,""6368"":0,""1998"":0,""36252"":0,""2252"":0,""2753"":0,""1619"":0,""1608"":0,""6657"":0,""4733"":0,""1052"":0,""4684"":0,""6060"":0,""5106"":0,""4500"":0,""-438"":0,""5293"":0,""-811"":0,""-887"":0,""12198"":0,""5909"":0,""7290"":0,""-493"":0,""3743"":0,""2574"":0,""864"":0,""-639"":0,""6567"":0,""7066"":0,""422"":0,""5795"":0,""5845"":0,""6089"":0,""-449"":0,""1738"":0,""4963"":0,""2431"":0,""8180"":0,""4406"":0,""3821"":0,""2253"":0,""4227"":0,""912"":0,""5073"":0,""7279"":0,""7468"":0,""5583"":0,""10180"":0,""9676"":0,""4659"":0,""3286"":0,""1268"":0,""2614"":0,""1822"":0,""2847"":0,""4979"":0,""3123"":0,""5005"":0,""1474"":0,""-39"":0,""831"":0,""2143"":0,""9601"":0,""3382"":0,""11385"":0,""3049"":0,""-130"":0,""8089"":0,""1045"":0,""1740"":0,""5810"":0,""8929"":0,""-61"":0,""2681"":0,""6422"":0,""4808"":0,""2539"":0,""731"":0,""11174"":0,""6158"":0,""3498"":0,""7707"":0,""3913"":0,""2974"":0,""3027"":0,""2883"":0,""4917"":0,""1939"":0,""5110"":0,""1108"":0,""3391"":0,""9480"":0,""1973"":0,""1995"":0,""3203"":0,""-443"":0,""2840"":0,""4004"":0,""-487"":0,""3154"":0,""-3058"":0,""13546"":0,""-779"":0,""2511"":0,""3480"":0,""1762"":0,""-53"":0,""1801"":0,""2684"":0,""1977"":0,""3993"":0,""6481"":0,""1522"":0,""8729"":0,""7458"":0,""3654"":0,""4572"":0,""5063"":0,""5878"":0,""6900"":0,""14646"":0,""2411"":0,""4174"":0,""2178"":0,""2581"":0,""2338"":0,""13094"":0,""7111"":0,""1185"":0,""2917"":0,""6784"":0,""2601"":0,""2817"":0,""10943"":0,""4775"":0,""7331"":0,""1233"":0,""3082"":0,""2815"":0,""14220"":0,""4412"":0,""10332"":0,""9366"":0,""5220"":0,""4448"":0,""2758"":0,""6571"":0,""4060"":0,""4468"":0,""18967"":0,""3949"":0,""2493"":0,""4803"":0,""5372"":0,""2190"":0,""4579"":0,""6513"":0,""11303"":0,""7105"":0,""3338"":0,""5108"":0,""1961"":0,""3856"":0,""4402"":0,""3588"":0,""5028"":0,""9421"":0,""4922"":0,""1204"":0,""3186"":0,""3115"":0,""6538"":0,""2915"":0,""1094"":0,""5474"":0,""3122"":0,""3737"":0,""18016"":0,""2959"":0,""5966"":0,""7443"":0,""14533"":0,""-1206"":0,""1306"":0,""3547"":0,""10346"":0,""1933"":0,""1980"":0,""1662"":0,""22086"":0,""2913"":0,""27624"":0,""7019"":0,""-528"":0,""1684"":0,""2613"":0,""1323"":0,""4118"":0,""7818"":0,""3076"":0,""2714"":0,""5086"":0,""3796"":0,""19317"":0,""3033"":0,""1718"":0,""2568"":0,""4744"":0,""6468"":0,""4752"":0,""2626"":0,""24277"":0,""3689"":0,""11262"":0,""5584"":0,""4068"":0,""9962"":0,""10596"":0,""2531"":0,""10905"":0,""3411"":0,""9131"":0,""12972"":0,""2218"":0,""3169"":0,""6991"":0,""2970"":0,""2794"":0,""6983"":0,""9064"":0,""10532"":0,""4297"":0,""4717"":0,""3698"":0,""4562"":0,""4675"":0,""1981"":0,""3899"":0,""3933"":0,""5613"":0,""10685"":0,""1759"":0,""1747"":0,""-168"":0,""-123"":0,""-379"":0,""4758"":0,""1253"":0,""9004"":0,""2455"":0,""2311"":0,""2222"":0,""-251"":0,""3798"":0,""1820"":0,""-189"":0,""-277"":0,""3465"":0,""-839"":0,""1905"":0,""-563"":0,""1775"":0,""-799"":0,""2686"":0,""3864"":0,""1616"":0,""1817"":0,""1538"":0,""2625"":0,""2018"":0,""2957"":0,""7138"":0,""651"":0,""-824"":0,""6822"":0,""4291"":0,""4108"":0,""3070"":0,""5389"":0,""7098"":0,""3059"":0,""14282"":0,""2480"":0,""2956"":0,""3726"":0,""3400"":0,""5361"":0,""1634"":0,""2313"":0,""1183"":0,""2284"":0,""1792"":0,""-144"":0,""2518"":0,""-156"":0,""959"":0,""2436"":0,""3728"":0,""8345"":0,""4170"":0,""5724"":0,""14481"":0,""1713"":0,""7606"":0,""1593"":0,""1242"":0,""1145"":0,""2287"":0,""-538"":0,""5773"":0,""3326"":0,""4665"":0,""4499"":0,""4438"":0,""2483"":0,""4393"":0,""-416"":0,""1364"":0,""10576"":0,""4580"":0,""7180"":0,""3652"":0,""1542"":0,""1535"":0,""3923"":0,""3837"":0,""5090"":0,""2476"":0,""3674"":0,""4136"":0,""2904"":0,""-1129"":0,""1722"":0,""-33"":0,""3133"":0,""-627"":0,""2559"":0,""-127"":0,""-241"":0,""4145"":0,""6360"":0,""1009"":0,""9103"":0,""1115"":0,""3622"":0,""2303"":0,""3316"":0,""3057"":0,""3687"":0,""3727"":0,""2630"":0,""164"":0,""7561"":0,""2788"":0,""619"":0,""-88"":0,""1772"":0,""-713"":0,""5839"":0,""2112"":0,""3243"":0,""1223"":0,""7049"":0,""3436"":0,""2640"":0,""7724"":0,""22520"":0,""3300"":0,""2245"":0,""4148"":0,""3527"":0,""1777"":0,""4536"":0,""8629"":0,""4117"":0,""7195"":0,""2589"":0,""1858"":0,""4254"":0,""4069"":0,""12519"":0,""5639"":0,""18508"":0,""7119"":0,""5461"":0,""6888"":0,""3068"":0,""7773"":0,""3929"":0,""20138"":0,""5806"":0,""3636"":0,""3288"":0,""2633"":0,""4329"":0,""2021"":0,""7613"":0,""4047"":0,""5355"":0,""1135"":0,""1714"":0,""3552"":0,""12114"":0,""1493"":0,""1879"":0,""1140"":0,""1908"":0,""4383"":0,""10613"":0,""3881"":0,""4391"":0,""-970"":0,""1669"":0,""4089"":0,""6016"":0,""936"":0,""-452"":0,""1361"":0,""540"":0,""1709"":0,""4465"":0,""1275"":0,""6843"":0,""11462"":0,""4420"":0,""7084"":0,""1882"":0,""5188"":0,""-546"":0,""1920"":0,""4570"":0,""-477"":0,""1614"":0,""988"":0,""1196"":0,""7135"":0,""3278"":0,""4414"":0,""1353"":0,""3485"":0,""1732"":0,""1200"":0,""8163"":0,""8029"":0,""3334"":0,""635"":0,""6170"":0,""9827"":0,""10052"":0,""4436"":0,""34646"":0,""-180"":0,""4396"":0,""17297"":0,""2637"":0,""6993"":0,""5603"":0,""6402"":0,""-386"":0,""4654"":0,""12737"":0,""1249"":0,""2615"":0,""-617"":0,""11887"":0,""1494"":0,""4646"":0,""4508"":0,""-188"":0,""1540"":0,""5447"":0,""2089"":0,""899"":0,""2271"":0,""2807"":0,""2470"":0,""12026"":0,""2329"":0,""3537"":0,""5254"":0,""5346"":0,""8749"":0,""1785"":0,""3490"":0,""1712"":0,""-69"":0,""-782"":0,""-813"":0,""1563"":0,""8023"":0,""6739"":0,""3350"":0,""3570"":0,""1121"":0,""1918"":0,""7102"":0,""-128"":0,""-513"":0,""1403"":0,""-880"":0,""1897"":0,""-301"":0,""2234"":0,""1008"":0,""5807"":0,""2176"":0,""-245"":0,""-577"":0,""2819"":0,""12223"":0,""3150"":0,""6429"":0,""1160"":0,""4872"":0,""612"":0,""1526"":0,""1038"":0,""-384"":0,""20718"":0,""1480"":0,""9645"":0,""3957"":0,""3395"":0,""1659"":0,""5336"":0,""2655"":0,""6904"":0,""3003"":0,""626"":0,""4374"":0,""1741"":0,""6596"":0,""4062"":0,""1417"":0,""2924"":0,""1944"":0,""1958"":0,""3214"":0,""5888"":0,""4968"":0,""4025"":0,""2591"":0,""1426"":0,""3953"":0,""1450"":0,""6374"":0,""1111"":0,""2951"":0,""9447"":0,""14144"":0,""2573"":0,""2225"":0,""8121"":0,""2362"":0,""1929"":0,""5091"":0,""1389"":0,""5943"":0,""-725"":0,""1705"":0,""2333"":0,""2661"":0,""2780"":0,""-537"":0,""3646"":0,""1924"":0,""9756"":0,""5350"":0,""6831"":0,""3136"":0,""20806"":0,""-770"":0,""9314"":0,""3551"":0,""4461"":0,""3311"":0,""1673"":0,""4751"":0,""3195"":0,""-105"":0,""7687"":0,""-364"":0,""-616"":0,""2923"":0,""-288"":0,""5781"":0,""-491"":0,""2500"":0,""4695"":0,""748"":0,""7007"":0,""3117"":0,""1984"":0,""-125"":0,""1901"":0,""3413"":0,""1847"":0,""6388"":0,""-803"":0,""2162"":0,""5244"":0,""7132"":0,""2756"":0,""1157"":0,""4381"":0,""6203"":0,""3695"":0,""4335"":0,""3818"":0,""1838"":0,""-601"":0,""-249"":0,""529"":0,""19447"":0,""5271"":0,""1518"":0,""-93"":0,""21522"":0,""-85"":0,""4819"":0,""729"":0,""1217"":0,""2291"":0,""2200"":0,""-2282"":0,""9216"":0,""1079"":0,""793"":0,""1471"":0,""4324"":0,""3794"":0,""1509"":0,""-1053"":0,""-112"":0,""-1050"":0,""4517"":0,""7668"":0,""3331"":0,""10786"":0,""3071"":0,""9072"":0,""4110"":0,""3914"":0,""4976"":0,""2628"":0,""-31"":0,""-398"":0,""1039"":0,""4830"":0,""8016"":0,""1007"":0,""8494"":0,""2571"":0,""4592"":0,""886"":0,""1496"":0,""-496"":0,""1737"":0,""11222"":0,""4222"":0,""2058"":0,""8403"":0,""3492"":0,""1951"":0,""-246"":0,""15474"":0,""2770"":0,""9569"":0,""8422"":0,""2173"":0,""2728"":0,""1462"":0,""-204"":0,""1431"":0,""3166"":0,""15578"":0,""6014"":0,""2550"":0,""9916"":0,""6714"":0,""3680"":0,""6134"":0,""1220"":0,""3876"":0,""-240"":0,""1500"":0,""-1386"":0,""4095"":0,""5312"":0,""3834"":0,""1335"":0,""-227"":0,""3658"":0,""1582"":0,""-193"":0,""-918"":0,""1895"":0,""-479"":0,""-2049"":0,""2700"":0,""1305"":0,""6212"":0,""4087"":0,""2163"":0,""3244"":0,""-81"":0,""3309"":0,""13338"":0,""3201"":0,""821"":0,""6958"":0,""-671"":0,""-1636"":0,""2030"":0,""1428"":0,""-426"":0,""1850"":0,""3031"":0,""7378"":0,""5809"":0,""2199"":0,""7177"":0,""1164"":0,""1143"":0,""1764"":0,""3932"":0,""4264"":0,""1333"":0,""-994"":0,""3028"":0,""1294"":0,""7298"":0,""-581"":0,""11528"":0,""875"":0,""1758"":0,""3050"":0,""1562"":0,""3902"":0,""3701"":0,""8165"":0,""2524"":0,""5768"":0,""2506"":0,""3982"":0,""15485"":0,""-215"":0,""1511"":0,""4833"":0,""3337"":0,""1278"":0,""4416"":0,""6403"":0,""1232"":0,""4343"":0,""4680"":0,""3138"":0,""5741"":0,""2066"":0,""1105"":0,""2975"":0,""4012"":0,""1269"":0,""2077"":0,""1092"":0,""2979"":0,""3591"":0,""1893"":0,""1213"":0,""3426"":0,""18188"":0,""3940"":0,""-370"":0,""6013"":0,""3544"":0,""3143"":0,""1201"":0,""1960"":0,""1731"":0,""7608"":0,""939"":0,""3239"":0,""2495"":0,""4642"":0,""1030"":0,""7918"":0,""5301"":0,""3624"":0,""858"":0,""2648"":0,""10281"":0,""3291"":0,""45248"":0,""6188"":0,""22125"":0,""2201"":0,""-374"":0,""2340"":0,""2952"":0,""1761"":0,""3505"":0,""5236"":0,""2530"":0,""2304"":0,""3006"":0,""2046"":0,""1672"":0,""-115"":0,""3779"":0,""1229"":0,""3848"":0,""9001"":0,""2102"":0,""7929"":0,""2466"":0,""6036"":0,""1574"":0,""4608"":0,""1825"":0,""1570"":0,""12980"":0,""7585"":0,""7766"":0,""6610"":0,""3219"":0,""7620"":0,""1380"":0,""1215"":0,""2532"":0,""2159"":0,""2838"":0,""2335"":0,""2364"":0,""3236"":0,""3026"":0,""14968"":0,""4124"":0,""31472"":0,""9299"":0,""724"":0,""2733"":0,""5329"":0,""1123"":0,""1962"":0,""2907"":0,""1414"":0,""6651"":0,""29080"":0,""4071"":0,""3255"":0,""3126"":0,""2391"":0,""1188"":0,""3189"":0,""2371"":0,""8103"":0,""1831"":0,""3538"":0,""1727"":0,""2616"":0,""3208"":0,""8897"":0,""23076"":0,""7459"":0,""8990"":0,""2421"":0,""18111"":0,""8648"":0,""650"":0,""11821"":0,""-198"":0,""1332"":0,""1657"":0,""11835"":0,""4457"":0,""2729"":0,""32685"":0,""3173"":0,""9883"":0,""4147"":0,""6112"":0,""7433"":0,""2679"":0,""2281"":0,""2297"":0,""3943"":0,""2725"":0,""2353"":0,""3020"":0,""1760"":0,""4661"":0,""4210"":0,""-101"":0,""2138"":0,""2965"":0,""6997"":0,""19268"":0,""9228"":0,""3064"":0,""6542"":0,""12018"":0,""3158"":0,""2104"":0,""7803"":0,""15459"":0,""5862"":0,""5047"":0,""5320"":0,""-578"":0,""1868"":0,""2988"":0,""13460"":0,""7192"":0,""1805"":0,""10287"":0,""2736"":0,""8535"":0,""2665"":0,""3546"":0,""4855"":0,""7103"":0,""8229"":0,""2187"":0,""2599"":0,""3357"":0,""4079"":0,""1175"":0,""3512"":0,""977"":0,""3765"":0,""7895"":0,""885"":0,""5679"":0,""2230"":0,""-930"":0,""4688"":0,""2536"":0,""8491"":0,""4101"":0,""3550"":0,""3054"":0,""1184"":0,""1627"":0,""2889"":0,""3704"":0,""1478"":0,""6748"":0,""2948"":0,""3254"":0,""7441"":0,""-366"":0,""2689"":0,""26965"":0,""1014"":0,""29340"":0,""1994"":0,""6529"":0,""3944"":0,""12356"":0,""3556"":0,""4889"":0,""8828"":0,""768"":0,""1729"":0,""2688"":0,""1245"":0,""4158"":0,""-268"":0,""4266"":0,""3376"":0,""2981"":0,""-519"":0,""-1042"":0,""5637"":0,""7560"":0,""4590"":0,""-158"":0,""-675"":0,""-291"":0,""7554"":0,""-405"":0,""1641"":0,""5517"":0,""8332"":0,""4859"":0,""-267"":0,""-134"":0}"
housing,housing,object,0,2,no,yes,['yes' 'no'],"{""no"":52,""yes"":47}"
loan,loan,object,0,2,no,yes,['no' 'yes'],"{""no"":86,""yes"":13}"
contact,contact,object,0,3,cellular,unknown,['unknown' 'cellular' 'telephone'],"{""cellular"":72,""unknown"":21,""telephone"":6}"
day,day,int64,0,31,1,31,"[ 5  6  7  8  9 12 13 14 15 16 19 20 21 23 26 27 28 29 30  2  3  4 11 17
 18 24  1 10 22 25 31]","{""20"":5,""18"":4,""30"":4,""5"":4,""15"":4,""14"":4,""13"":4,""21"":4,""6"":4,""12"":3,""8"":3,""17"":3,""28"":3,""4"":3,""29"":3,""19"":3,""7"":3,""11"":3,""16"":3,""9"":3,""2"":2,""3"":2,""27"":2,""22"":2,""26"":2,""23"":2,""25"":2,""10"":1,""31"":1,""24"":1,""1"":1}"
month,month,object,0,12,apr,sep,['may' 'jun' 'jul' 'aug' 'oct' 'nov' 'dec' 'jan' 'feb' 'mar' 'apr' 'sep'],"{""may"":25,""aug"":13,""jul"":13,""jun"":10,""nov"":8,""apr"":8,""feb"":6,""oct"":3,""jan"":3,""sep"":2,""mar"":2,""dec"":0}"
duration,duration,int64,0,1428,2,3881,[1042 1467 1389 ... 1504  818 1812],"{""97"":0,""161"":0,""158"":0,""119"":0,""150"":0,""144"":0,""114"":0,""136"":0,""131"":0,""112"":0,""90"":0,""135"":0,""139"":0,""126"":0,""152"":0,""185"":0,""101"":0,""226"":0,""102"":0,""125"":0,""87"":0,""85"":0,""106"":0,""166"":0,""124"":0,""173"":0,""193"":0,""109"":0,""130"":0,""63"":0,""149"":0,""61"":0,""154"":0,""170"":0,""232"":0,""73"":0,""77"":0,""100"":0,""104"":0,""138"":0,""133"":0,""163"":0,""115"":0,""156"":0,""171"":0,""82"":0,""164"":0,""165"":0,""107"":0,""137"":0,""210"":0,""265"":0,""111"":0,""151"":0,""160"":0,""134"":0,""93"":0,""157"":0,""79"":0,""187"":0,""65"":0,""81"":0,""75"":0,""118"":0,""122"":0,""167"":0,""146"":0,""182"":0,""76"":0,""268"":0,""216"":0,""181"":0,""174"":0,""200"":0,""186"":0,""92"":0,""176"":0,""99"":0,""155"":0,""169"":0,""301"":0,""238"":0,""132"":0,""229"":0,""159"":0,""120"":0,""127"":0,""143"":0,""206"":0,""95"":0,""342"":0,""91"":0,""251"":0,""215"":0,""89"":0,""219"":0,""162"":0,""121"":0,""72"":0,""221"":0,""262"":0,""175"":0,""195"":0,""209"":0,""113"":0,""67"":0,""253"":0,""212"":0,""140"":0,""96"":0,""266"":0,""201"":0,""270"":0,""250"":0,""88"":0,""64"":0,""243"":0,""84"":0,""207"":0,""59"":0,""192"":0,""178"":0,""248"":0,""252"":0,""74"":0,""105"":0,""51"":0,""257"":0,""94"":0,""263"":0,""177"":0,""70"":0,""153"":0,""239"":0,""218"":0,""145"":0,""245"":0,""220"":0,""224"":0,""194"":0,""188"":0,""148"":0,""98"":0,""83"":0,""196"":0,""190"":0,""147"":0,""247"":0,""261"":0,""231"":0,""244"":0,""117"":0,""211"":0,""208"":0,""214"":0,""256"":0,""198"":0,""293"":0,""267"":0,""222"":0,""236"":0,""230"":0,""108"":0,""123"":0,""234"":0,""128"":0,""172"":0,""47"":0,""323"":0,""227"":0,""305"":0,""55"":0,""141"":0,""271"":0,""58"":0,""168"":0,""205"":0,""179"":0,""204"":0,""86"":0,""255"":0,""203"":0,""184"":0,""71"":0,""241"":0,""202"":0,""69"":0,""272"":0,""254"":0,""282"":0,""103"":0,""260"":0,""78"":0,""116"":0,""50"":0,""350"":0,""249"":0,""233"":0,""180"":0,""259"":0,""273"":0,""297"":0,""246"":0,""213"":0,""129"":0,""52"":0,""275"":0,""225"":0,""242"":0,""217"":0,""309"":0,""228"":0,""333"":0,""314"":0,""392"":0,""237"":0,""295"":0,""189"":0,""56"":0,""80"":0,""62"":0,""340"":0,""29"":0,""344"":0,""317"":0,""60"":0,""269"":0,""199"":0,""57"":0,""315"":0,""283"":0,""329"":0,""110"":0,""15"":0,""336"":0,""48"":0,""191"":0,""327"":0,""34"":0,""318"":0,""276"":0,""7"":0,""288"":0,""289"":0,""10"":0,""53"":0,""409"":0,""335"":0,""8"":0,""300"":0,""316"":0,""183"":0,""142"":0,""278"":0,""296"":0,""284"":0,""351"":0,""324"":0,""328"":0,""294"":0,""197"":0,""14"":0,""13"":0,""325"":0,""360"":0,""279"":0,""22"":0,""25"":0,""352"":0,""365"":0,""240"":0,""369"":0,""299"":0,""277"":0,""43"":0,""285"":0,""54"":0,""235"":0,""308"":0,""345"":0,""379"":0,""339"":0,""264"":0,""326"":0,""355"":0,""341"":0,""415"":0,""298"":0,""398"":0,""330"":0,""371"":0,""46"":0,""394"":0,""16"":0,""412"":0,""19"":0,""49"":0,""319"":0,""414"":0,""30"":0,""290"":0,""475"":0,""38"":0,""531"":0,""366"":0,""281"":0,""460"":0,""467"":0,""258"":0,""66"":0,""322"":0,""396"":0,""286"":0,""306"":0,""321"":0,""37"":0,""274"":0,""304"":0,""449"":0,""303"":0,""472"":0,""373"":0,""411"":0,""45"":0,""12"":0,""386"":0,""426"":0,""441"":0,""456"":0,""223"":0,""574"":0,""338"":0,""367"":0,""31"":0,""331"":0,""382"":0,""376"":0,""370"":0,""310"":0,""291"":0,""18"":0,""543"":0,""302"":0,""23"":0,""390"":0,""417"":0,""380"":0,""504"":0,""453"":0,""395"":0,""347"":0,""400"":0,""42"":0,""280"":0,""401"":0,""68"":0,""406"":0,""383"":0,""427"":0,""397"":0,""372"":0,""651"":0,""388"":0,""359"":0,""20"":0,""11"":0,""445"":0,""479"":0,""404"":0,""313"":0,""343"":0,""374"":0,""423"":0,""562"":0,""361"":0,""482"":0,""362"":0,""358"":0,""528"":0,""349"":0,""676"":0,""416"":0,""399"":0,""476"":0,""378"":0,""393"":0,""419"":0,""337"":0,""489"":0,""363"":0,""9"":0,""384"":0,""608"":0,""357"":0,""606"":0,""432"":0,""354"":0,""387"":0,""580"":0,""712"":0,""21"":0,""554"":0,""377"":0,""320"":0,""405"":0,""474"":0,""41"":0,""654"":0,""307"":0,""506"":0,""618"":0,""348"":0,""696"":0,""439"":0,""523"":0,""638"":0,""443"":0,""609"":0,""39"":0,""35"":0,""576"":0,""709"":0,""353"":0,""470"":0,""458"":0,""526"":0,""464"":0,""641"":0,""356"":0,""623"":0,""311"":0,""808"":0,""485"":0,""716"":0,""483"":0,""332"":0,""364"":0,""465"":0,""385"":0,""532"":0,""561"":0,""312"":0,""515"":0,""434"":0,""667"":0,""699"":0,""658"":0,""510"":0,""556"":0,""560"":0,""513"":0,""604"":0,""292"":0,""438"":0,""788"":0,""551"":0,""36"":0,""44"":0,""462"":0,""591"":0,""287"":0,""524"":0,""566"":0,""519"":0,""662"":0,""530"":0,""407"":0,""529"":0,""486"":0,""28"":0,""473"":0,""430"":0,""512"":0,""454"":0,""577"":0,""457"":0,""632"":0,""585"":0,""645"":0,""455"":0,""588"":0,""882"":0,""563"":0,""429"":0,""605"":0,""700"":0,""610"":0,""730"":0,""630"":0,""578"":0,""707"":0,""567"":0,""687"":0,""27"":0,""500"":0,""984"":0,""593"":0,""691"":0,""471"":0,""346"":0,""408"":0,""33"":0,""17"":0,""389"":0,""491"":0,""520"":0,""511"":0,""368"":0,""536"":0,""767"":0,""649"":0,""32"":0,""666"":0,""1063"":0,""26"":0,""670"":0,""381"":0,""625"":0,""494"":0,""552"":0,""431"":0,""442"":0,""837"":0,""509"":0,""686"":0,""535"":0,""517"":0,""425"":0,""40"":0,""636"":0,""565"":0,""701"":0,""507"":0,""422"":0,""838"":0,""477"":0,""829"":0,""595"":0,""421"":0,""659"":0,""559"":0,""720"":0,""579"":0,""634"":0,""619"":0,""612"":0,""570"":0,""522"":0,""534"":0,""498"":0,""549"":0,""642"":0,""637"":0,""587"":0,""6"":0,""480"":0,""615"":0,""763"":0,""461"":0,""781"":0,""418"":0,""533"":0,""648"":0,""516"":0,""437"":0,""420"":0,""583"":0,""640"":0,""525"":0,""545"":0,""447"":0,""481"":0,""633"":0,""664"":0,""835"":0,""334"":0,""444"":0,""568"":0,""663"":0,""436"":0,""733"":0,""553"":0,""459"":0,""492"":0,""542"":0,""496"":0,""600"":0,""435"":0,""590"":0,""744"":0,""757"":0,""674"":0,""661"":0,""753"":0,""787"":0,""488"":0,""1272"":0,""884"":0,""505"":0,""758"":0,""718"":0,""413"":0,""895"":0,""478"":0,""761"":0,""643"":0,""759"":0,""375"":0,""582"":0,""622"":0,""968"":0,""897"":0,""589"":0,""922"":0,""901"":0,""424"":0,""607"":0,""952"":0,""446"":0,""653"":0,""650"":0,""775"":0,""611"":0,""715"":0,""673"":0,""546"":0,""903"":0,""860"":0,""705"":0,""736"":0,""722"":0,""893"":0,""617"":0,""616"":0,""679"":0,""539"":0,""450"":0,""815"":0,""452"":0,""403"":0,""594"":0,""875"":0,""537"":0,""433"":0,""501"":0,""490"":0,""738"":0,""737"":0,""657"":0,""745"":0,""469"":0,""548"":0,""592"":0,""614"":0,""503"":0,""935"":0,""493"":0,""671"":0,""586"":0,""747"":0,""695"":0,""1017"":0,""669"":0,""391"":0,""678"":0,""495"":0,""704"":0,""635"":0,""428"":0,""514"":0,""740"":0,""681"":0,""725"":0,""796"":0,""762"":0,""463"":0,""541"":0,""1032"":0,""768"":0,""629"":0,""603"":0,""855"":0,""854"":0,""639"":0,""538"":0,""850"":0,""402"":0,""1030"":0,""1064"":0,""803"":0,""1015"":0,""920"":0,""1226"":0,""558"":0,""832"":0,""665"":0,""1156"":0,""466"":0,""24"":0,""1120"":0,""550"":0,""813"":0,""1101"":0,""572"":0,""771"":0,""5"":0,""888"":0,""688"":0,""710"":0,""911"":0,""1007"":0,""694"":0,""728"":0,""878"":0,""1081"":0,""502"":0,""1134"":0,""774"":0,""957"":0,""862"":0,""1422"":0,""784"":0,""547"":0,""1000"":0,""569"":0,""508"":0,""908"":0,""499"":0,""729"":0,""540"":0,""801"":0,""918"":0,""844"":0,""1019"":0,""717"":0,""834"":0,""693"":0,""750"":0,""621"":0,""889"":0,""849"":0,""819"":0,""1141"":0,""1242"":0,""885"":0,""961"":0,""853"":0,""830"":0,""766"":0,""1130"":0,""894"":0,""867"":0,""732"":0,""628"":0,""792"":0,""1148"":0,""764"":0,""746"":0,""682"":0,""497"":0,""917"":0,""820"":0,""703"":0,""627"":0,""857"":0,""739"":0,""812"":0,""904"":0,""921"":0,""958"":0,""410"":0,""1205"":0,""963"":0,""668"":0,""843"":0,""555"":0,""751"":0,""1181"":0,""1080"":0,""871"":0,""652"":0,""790"":0,""613"":0,""711"":0,""772"":0,""708"":0,""827"":0,""880"":0,""697"":0,""1127"":0,""575"":0,""997"":0,""655"":0,""1076"":0,""620"":0,""953"":0,""1073"":0,""624"":0,""571"":0,""660"":0,""951"":0,""955"":0,""647"":0,""544"":0,""949"":0,""937"":0,""698"":0,""440"":0,""817"":0,""806"":0,""631"":0,""1042"":0,""856"":0,""1241"":0,""760"":0,""1182"":0,""448"":0,""773"":0,""930"":0,""706"":0,""769"":0,""943"":0,""981"":0,""644"":0,""1162"":0,""755"":0,""735"":0,""1152"":0,""1290"":0,""727"":0,""993"":0,""598"":0,""1062"":0,""1060"":0,""1143"":0,""902"":0,""487"":0,""1051"":0,""690"":0,""724"":0,""858"":0,""873"":0,""923"":0,""518"":0,""1001"":0,""896"":0,""913"":0,""845"":0,""945"":0,""741"":0,""809"":0,""780"":0,""1002"":0,""1036"":0,""836"":0,""656"":0,""1044"":0,""685"":0,""1092"":0,""1448"":0,""940"":0,""929"":0,""985"":0,""794"":0,""891"":0,""1008"":0,""1360"":0,""1039"":0,""851"":0,""1091"":0,""786"":0,""1164"":0,""749"":0,""596"":0,""833"":0,""924"":0,""789"":0,""1232"":0,""944"":0,""782"":0,""692"":0,""1207"":0,""584"":0,""783"":0,""910"":0,""731"":0,""1336"":0,""1223"":0,""967"":0,""1392"":0,""988"":0,""1579"":0,""974"":0,""765"":0,""973"":0,""1135"":0,""938"":0,""810"":0,""597"":0,""1138"":0,""1074"":0,""719"":0,""814"":0,""890"":0,""804"":0,""1034"":0,""998"":0,""925"":0,""1193"":0,""828"":0,""564"":0,""799"":0,""1109"":0,""874"":0,""1133"":0,""714"":0,""1363"":0,""1022"":0,""841"":0,""970"":0,""754"":0,""1373"":0,""870"":0,""821"":0,""1003"":0,""800"":0,""1075"":0,""1877"":0,""956"":0,""1149"":0,""916"":0,""1446"":0,""802"":0,""1123"":0,""779"":0,""847"":0,""861"":0,""1359"":0,""865"":0,""1077"":0,""795"":0,""978"":0,""646"":0,""1046"":0,""869"":0,""521"":0,""906"":0,""1089"":0,""954"":0,""1341"":0,""1426"":0,""1248"":0,""919"":0,""721"":0,""601"":0,""1078"":0,""872"":0,""1153"":0,""1178"":0,""1082"":0,""1029"":0,""1106"":0,""1048"":0,""1528"":0,""1540"":0,""1144"":0,""1486"":0,""677"":0,""1560"":0,""527"":0,""1093"":0,""899"":0,""859"":0,""742"":0,""816"":0,""863"":0,""1090"":0,""1175"":0,""1018"":0,""983"":0,""798"":0,""926"":0,""877"":0,""1027"":0,""824"":0,""1244"":0,""1222"":0,""689"":0,""1806"":0,""680"":0,""1020"":0,""1199"":0,""959"":0,""1094"":0,""881"":0,""805"":0,""1045"":0,""1210"":0,""990"":0,""1206"":0,""1555"":0,""1084"":0,""1576"":0,""1176"":0,""1451"":0,""1871"":0,""1231"":0,""1203"":0,""1353"":0,""1151"":0,""1119"":0,""1334"":0,""1190"":0,""756"":0,""1473"":0,""969"":0,""726"":0,""1735"":0,""1344"":0,""1776"":0,""1028"":0,""1006"":0,""734"":0,""1503"":0,""1532"":0,""793"":0,""965"":0,""1201"":0,""1467"":0,""898"":0,""931"":0,""1855"":0,""1297"":0,""1303"":0,""1097"":0,""2016"":0,""1126"":0,""976"":0,""1258"":0,""1209"":0,""1574"":0,""1598"":0,""1059"":0,""672"":0,""1389"":0,""557"":0,""581"":0,""1102"":0,""626"":0,""1720"":0,""1057"":0,""1086"":0,""684"":0,""846"":0,""1025"":0,""1150"":0,""4"":0,""1121"":0,""1052"":0,""1012"":0,""675"":0,""912"":0,""1171"":0,""1013"":0,""1165"":0,""1340"":0,""1187"":0,""1096"":0,""840"":0,""1288"":0,""1169"":0,""939"":0,""1369"":0,""946"":0,""743"":0,""848"":0,""1265"":0,""1173"":0,""996"":0,""994"":0,""1425"":0,""876"":0,""797"":0,""977"":0,""1321"":0,""1217"":0,""1346"":0,""777"":0,""1038"":0,""683"":0,""1249"":0,""1357"":0,""864"":0,""1311"":0,""1721"":0,""942"":0,""1068"":0,""1183"":0,""1319"":0,""1597"":0,""2330"":0,""1556"":0,""1600"":0,""1282"":0,""1246"":0,""1573"":0,""1024"":0,""1259"":0,""1180"":0,""1865"":0,""3102"":0,""831"":0,""1608"":0,""1500"":0,""1263"":0,""1186"":0,""1262"":0,""1461"":0,""1352"":0,""1041"":0,""1424"":0,""1329"":0,""1677"":0,""1410"":0,""1240"":0,""1310"":0,""1218"":0,""1623"":0,""1323"":0,""1154"":0,""2028"":0,""1234"":0,""748"":0,""1710"":0,""822"":0,""905"":0,""1291"":0,""1689"":0,""484"":0,""1438"":0,""2087"":0,""972"":0,""1386"":0,""1692"":0,""948"":0,""2053"":0,""468"":0,""1553"":0,""1328"":0,""1125"":0,""1529"":0,""927"":0,""1423"":0,""1224"":0,""1867"":0,""1622"":0,""1882"":0,""1113"":0,""1740"":0,""1434"":0,""1476"":0,""818"":0,""1504"":0,""1521"":0,""914"":0,""1361"":0,""1100"":0,""1166"":0,""1195"":0,""2027"":0,""960"":0,""723"":0,""1567"":0,""1047"":0,""986"":0,""2"":0,""999"":0,""702"":0,""3"":0,""1083"":0,""3284"":0,""1777"":0,""1681"":0,""1257"":0,""1697"":0,""2078"":0,""1132"":0,""2231"":0,""1447"":0,""1790"":0,""2692"":0,""933"":0,""1349"":0,""1603"":0,""1767"":0,""1502"":0,""1407"":0,""1314"":0,""1658"":0,""2301"":0,""1010"":0,""785"":0,""1512"":0,""1469"":0,""1417"":0,""1635"":0,""1124"":0,""934"":0,""573"":0,""866"":0,""451"":0,""1114"":0,""602"":0,""1405"":0,""975"":0,""971"":0,""1306"":0,""1230"":0,""2093"":0,""2453"":0,""2184"":0,""1388"":0,""1103"":0,""1252"":0,""1962"":0,""1960"":0,""1970"":0,""982"":0,""1294"":0,""2420"":0,""1298"":0,""1971"":0,""3094"":0,""1211"":0,""1348"":0,""1088"":0,""1333"":0,""1817"":0,""1107"":0,""1212"":0,""1142"":0,""1550"":0,""1112"":0,""1202"":0,""1332"":0,""1110"":0,""1488"":0,""1095"":0,""1536"":0,""1365"":0,""1200"":0,""1463"":0,""1174"":0,""1366"":0,""1227"":0,""962"":0,""1011"":0,""1440"":0,""1058"":0,""1833"":0,""1508"":0,""1237"":0,""1037"":0,""1327"":0,""1309"":0,""900"":0,""1277"":0,""1204"":0,""1484"":0,""1441"":0,""1491"":0,""1602"":0,""1492"":0,""979"":0,""1946"":0,""2015"":0,""1031"":0,""1330"":0,""1009"":0,""2516"":0,""1250"":0,""1471"":0,""1456"":0,""1594"":0,""1554"":0,""1792"":0,""1468"":0,""1192"":0,""1490"":0,""1035"":0,""1158"":0,""980"":0,""1571"":0,""1387"":0,""1917"":0,""2770"":0,""1136"":0,""1420"":0,""1393"":0,""1404"":0,""1416"":0,""1381"":0,""2775"":0,""1916"":0,""1661"":0,""1122"":0,""1437"":0,""1978"":0,""1196"":0,""1070"":0,""1238"":0,""1307"":0,""1613"":0,""1691"":0,""1665"":0,""1842"":0,""823"":0,""1184"":0,""1293"":0,""1789"":0,""950"":0,""1408"":0,""1374"":0,""1033"":0,""1040"":0,""3076"":0,""1642"":0,""2372"":0,""3253"":0,""1545"":0,""1342"":0,""1105"":0,""883"":0,""825"":0,""992"":0,""1104"":0,""1558"":0,""1702"":0,""1053"":0,""770"":0,""879"":0,""1276"":0,""2653"":0,""1085"":0,""1055"":0,""3881"":0,""1137"":0,""1159"":0,""1268"":0,""1243"":0,""1452"":0,""1395"":0,""2769"":0,""1345"":0,""1707"":0,""1233"":0,""1449"":0,""1236"":0,""868"":0,""1005"":0,""852"":0,""1730"":0,""791"":0,""713"":0,""1269"":0,""1472"":0,""907"":0,""886"":0,""2456"":0,""1343"":0,""1980"":0,""1835"":0,""892"":0,""1616"":0,""1370"":0,""2062"":0,""941"":0,""1628"":0,""2621"":0,""1255"":0,""1139"":0,""1318"":0,""1397"":0,""1669"":0,""1056"":0,""1129"":0,""1723"":0,""1279"":0,""1975"":0,""1656"":0,""1275"":0,""1531"":0,""1584"":0,""826"":0,""1514"":0,""1516"":0,""1391"":0,""1347"":0,""1489"":0,""839"":0,""1208"":0,""811"":0,""991"":0,""1649"":0,""1111"":0,""1973"":0,""1541"":0,""1543"":0,""1161"":0,""1098"":0,""1663"":0,""1617"":0,""1023"":0,""1409"":0,""3183"":0,""1087"":0,""1460"":0,""1313"":0,""599"":0,""776"":0,""1061"":0,""1014"":0,""1439"":0,""915"":0,""2029"":0,""1499"":0,""1399"":0,""1812"":0}"
campaign,campaign,int64,0,36,1,63,"[ 1  2  3  4  6  5  8 11  9 10 15 12 14  7 24 13 17 29 21 20 16 32 19 25
 22 43 18 41 63 27 30 26 23 28 33 31]","{""1"":42,""2"":27,""3"":11,""4"":6,""5"":3,""6"":2,""7"":1,""8"":1,""9"":0,""10"":0,""11"":0,""13"":0,""12"":0,""14"":0,""17"":0,""15"":0,""16"":0,""18"":0,""21"":0,""20"":0,""19"":0,""24"":0,""22"":0,""30"":0,""23"":0,""25"":0,""26"":0,""32"":0,""43"":0,""29"":0,""33"":0,""28"":0,""41"":0,""27"":0,""63"":0,""31"":0}"
pdays,pdays,int64,0,472,-1,854,"[ -1 166  91 147 170 150 171 126 182 110 198 174 175  27 128 100 177 167
 122 183 195 133 178  34  10 163 184 154  99  93   2 242 272  76 160  90
 196 246 238 203 268 189 267  92   9  88  85 210 257 261 270 106 199 112
  41 294 231 239 302 135 307 222 138 323 141 320 264 316 315 256 146 328
  74 148 327 341 145 266 234 345 318 325 274 343 260 305 344 254 180 340
  82 181 278 153   4 349 334 176  87 269  86 169  83  79   6 259  13 161
 350  84  80 164  22 296  66 263 333  17  89  78 286 337 364 188 342 363
 352 295 353 356 288 367 366 359 347 370 284 300 306 361 287 301 355 371
 292 360 358 346 357 368 312 179 329 298 372 374 375 291  95 109  94  98
 186 101 187 321  40  96  21  35  97 285 103 212 293  81  38  28  67  60
 120  55 113  71 119  72  20 391  50 207 105 314 211 140 104  65 395 399
  49 389 386 412  62 229 385 156  63  64  69 394  70 185 102 190 461 116
 422 457 430 192 462 403 191 459 397 197 173 271 428 392 193 474 475 477
 130 283 157 476 131 132 129 134 114 121 107 115  58  57 143 208 335 149
 139  52  75 515 111  56 194 520 213 351 273 162 378 279 200 201 310 275
 127 165 309 313 216 209 282 202 436 433 142 172 281  48 276 297 280 446
 558 616 561 553 555 262 265 384 388 152 390 322 205 326 478 339 155 421
 223 626 426 236 206 348 595 311 648 304 521 369 449 398  53 258 479 237
 425 376 224 227 225 144 586 450 424 776 251 460 683 158 529 377 415 244
 407 458 532 481 445 535 784 491 440 455 277 470   1 435 437 728 414 518
 308 828  31  43 761  29  44 579 466 125 504 427 749 365 769 469 587 792
 854 842 603 444 232 690 137 442 541 550  73 439 420 168 243 387 204 503
 124 290  77  14 221 409 782 332 330 804 551 230 405 319  37 123 417 490
 463 362 805 544 472  33 495 253  36 299 324 235 401 117  68 774 228 317
 255 336 233 486   5 778 771 245  42 338 354 373 772  59 247 331  61 381
 108  15   8 241 136 159 250 217  12 826 594 303 151 404 717 289 252 651
 214  24 701 118]","{""-1"":74,""92"":0,""182"":0,""91"":0,""181"":0,""183"":0,""184"":0,""94"":0,""93"":0,""95"":0,""87"":0,""90"":0,""98"":0,""185"":0,""187"":0,""96"":0,""97"":0,""189"":0,""188"":0,""105"":0,""99"":0,""179"":0,""186"":0,""175"":0,""88"":0,""196"":0,""370"":0,""180"":0,""342"":0,""190"":0,""350"":0,""89"":0,""195"":0,""119"":0,""104"":0,""178"":0,""84"":0,""100"":0,""192"":0,""86"":0,""371"":0,""102"":0,""148"":0,""365"":0,""176"":0,""85"":0,""197"":0,""80"":0,""351"":0,""170"":0,""344"":0,""347"":0,""267"":0,""169"":0,""368"":0,""345"":0,""343"":0,""174"":0,""357"":0,""337"":0,""83"":0,""363"":0,""353"":0,""356"":0,""171"":0,""101"":0,""272"":0,""103"":0,""355"":0,""177"":0,""259"":0,""167"":0,""364"":0,""301"":0,""270"":0,""126"":0,""164"":0,""194"":0,""369"":0,""251"":0,""287"":0,""346"":0,""205"":0,""334"":0,""152"":0,""352"":0,""172"":0,""133"":0,""294"":0,""328"":0,""113"":0,""264"":0,""266"":0,""199"":0,""106"":0,""1"":0,""191"":0,""2"":0,""173"":0,""323"":0,""168"":0,""263"":0,""271"":0,""367"":0,""150"":0,""330"":0,""160"":0,""149"":0,""329"":0,""300"":0,""335"":0,""193"":0,""269"":0,""274"":0,""209"":0,""261"":0,""9"":0,""202"":0,""358"":0,""109"":0,""295"":0,""134"":0,""332"":0,""140"":0,""130"":0,""57"":0,""200"":0,""349"":0,""208"":0,""412"":0,""81"":0,""165"":0,""258"":0,""293"":0,""116"":0,""260"":0,""327"":0,""107"":0,""121"":0,""63"":0,""281"":0,""238"":0,""166"":0,""276"":0,""374"":0,""297"":0,""280"":0,""336"":0,""262"":0,""147"":0,""111"":0,""362"":0,""210"":0,""340"":0,""82"":0,""278"":0,""201"":0,""318"":0,""341"":0,""144"":0,""156"":0,""385"":0,""120"":0,""141"":0,""386"":0,""286"":0,""307"":0,""114"":0,""135"":0,""302"":0,""348"":0,""70"":0,""359"":0,""361"":0,""326"":0,""360"":0,""366"":0,""64"":0,""162"":0,""389"":0,""213"":0,""391"":0,""461"":0,""75"":0,""430"":0,""50"":0,""78"":0,""275"":0,""304"":0,""239"":0,""316"":0,""256"":0,""127"":0,""308"":0,""305"":0,""254"":0,""277"":0,""227"":0,""296"":0,""138"":0,""246"":0,""324"":0,""242"":0,""331"":0,""128"":0,""245"":0,""10"":0,""14"":0,""322"":0,""154"":0,""123"":0,""253"":0,""115"":0,""143"":0,""338"":0,""230"":0,""136"":0,""117"":0,""204"":0,""139"":0,""273"":0,""216"":0,""433"":0,""265"":0,""279"":0,""384"":0,""388"":0,""378"":0,""339"":0,""290"":0,""223"":0,""131"":0,""521"":0,""237"":0,""244"":0,""56"":0,""124"":0,""129"":0,""157"":0,""74"":0,""203"":0,""110"":0,""71"":0,""55"":0,""79"":0,""28"":0,""6"":0,""212"":0,""285"":0,""35"":0,""13"":0,""122"":0,""161"":0,""40"":0,""321"":0,""333"":0,""372"":0,""312"":0,""288"":0,""306"":0,""314"":0,""198"":0,""392"":0,""315"":0,""231"":0,""257"":0,""394"":0,""222"":0,""41"":0,""325"":0,""77"":0,""311"":0,""243"":0,""137"":0,""145"":0,""66"":0,""236"":0,""232"":0,""354"":0,""146"":0,""398"":0,""53"":0,""42"":0,""426"":0,""153"":0,""504"":0,""427"":0,""440"":0,""299"":0,""535"":0,""76"":0,""235"":0,""458"":0,""414"":0,""234"":0,""284"":0,""415"":0,""43"":0,""317"":0,""255"":0,""460"":0,""5"":0,""319"":0,""125"":0,""225"":0,""163"":0,""132"":0,""17"":0,""250"":0,""38"":0,""8"":0,""252"":0,""67"":0,""282"":0,""60"":0,""309"":0,""207"":0,""21"":0,""211"":0,""462"":0,""155"":0,""457"":0,""52"":0,""62"":0,""69"":0,""48"":0,""436"":0,""229"":0,""561"":0,""375"":0,""291"":0,""298"":0,""555"":0,""292"":0,""390"":0,""474"":0,""58"":0,""446"":0,""417"":0,""490"":0,""24"":0,""701"":0,""37"":0,""404"":0,""387"":0,""503"":0,""463"":0,""151"":0,""221"":0,""651"":0,""717"":0,""112"":0,""551"":0,""804"":0,""289"":0,""320"":0,""214"":0,""268"":0,""782"":0,""409"":0,""405"":0,""247"":0,""805"":0,""303"":0,""61"":0,""59"":0,""772"":0,""373"":0,""381"":0,""27"":0,""108"":0,""15"":0,""771"":0,""778"":0,""486"":0,""233"":0,""34"":0,""228"":0,""774"":0,""241"":0,""68"":0,""159"":0,""401"":0,""217"":0,""12"":0,""826"":0,""594"":0,""495"":0,""33"":0,""472"":0,""544"":0,""36"":0,""435"":0,""420"":0,""648"":0,""616"":0,""553"":0,""478"":0,""421"":0,""626"":0,""206"":0,""595"":0,""449"":0,""142"":0,""22"":0,""479"":0,""425"":0,""376"":0,""224"":0,""586"":0,""450"":0,""558"":0,""313"":0,""776"":0,""422"":0,""283"":0,""477"":0,""475"":0,""428"":0,""397"":0,""459"":0,""403"":0,""515"":0,""72"":0,""520"":0,""49"":0,""399"":0,""395"":0,""65"":0,""310"":0,""20"":0,""424"":0,""683"":0,""439"":0,""854"":0,""579"":0,""466"":0,""749"":0,""769"":0,""469"":0,""587"":0,""792"":0,""842"":0,""29"":0,""603"":0,""444"":0,""690"":0,""442"":0,""541"":0,""550"":0,""73"":0,""44"":0,""761"":0,""158"":0,""784"":0,""529"":0,""377"":0,""4"":0,""407"":0,""532"":0,""481"":0,""445"":0,""491"":0,""31"":0,""455"":0,""470"":0,""476"":0,""437"":0,""728"":0,""518"":0,""828"":0,""118"":0}"
previous,previous,int64,0,34,0,58,"[ 0  1  4  2  3 10  7  9  5 29  6 13 17  8 11 30 22 58 21 14 26 12 19 55
 23 15 20 27 16 41 40 28 18 37]","{""0"":74,""1"":7,""2"":6,""3"":3,""4"":2,""5"":1,""6"":1,""7"":0,""8"":0,""9"":0,""10"":0,""11"":0,""12"":0,""13"":0,""17"":0,""14"":0,""15"":0,""19"":0,""16"":0,""20"":0,""27"":0,""23"":0,""40"":0,""41"":0,""28"":0,""18"":0,""58"":0,""55"":0,""26"":0,""21"":0,""22"":0,""30"":0,""29"":0,""37"":0}"
poutcome,poutcome,object,0,4,failure,unknown,['unknown' 'other' 'failure' 'success'],"{""unknown"":74,""failure"":11,""success"":9,""other"":4}"
deposit,deposit,object,0,2,no,yes,['yes' 'no'],"{""no"":52,""yes"":47}"
